Min,Q1,Median,Q3,Max,IQR
8,35.1275,76.71000000000001,95.31,147.83,59.95499999999999
