Min,Q1,Median,Q3,Max,IQR
8,35.125,77.08333333333334,95.3125,147.83333333333334,59.95833333333333
