Min,Q1,Median,Q3,Max,IQR
1.3333333333333333,10.916666666666666,15.416666666666666,19.083333333333332,24.833333333333332,8.166666666666666
